ID,Name,Station,y,x
7657,1 Market St - SMART,1 Market St - SMART,43.6469928,-79.3706665
7708,NA,101 Cedarvale Ave,43.6868681,-79.3110942
7710,NA,11 Spadina Rd,43.6677246,-79.4041365
7268,111 Bond St (North of Dundas St E)  - SMART,111 Bond St (North of Dundas St E)  - SMART,43.656927,-79.378497
7702,NA,111 Broadview Ave,43.6593483,-79.3499366
7383,12 Harbour St,12 Harbour St,43.6425636,-79.3762
7497,128 Sterling Ave - SMART,128 Sterling Rd - SMART,43.654004,-79.444792
7677,1303 Yonge St - SMART,1303 Yonge St - SMART,43.6846177,-79.3924592
7639,135 Queens Wharf  - SMART,135 Queens Wharf Rd - SMART,43.6399714,-79.399404
7675,1525 Dundas St,1525 Dundas St W,43.64957,-79.432446
7071,161 Bleecker St (South of Wellesley),161 Bleecker St (South of Wellesley),43.666233,-79.373327
7779,NA,165 McRae Dr,43.7065616,-79.36781965
7291,190 Queens Quay E,190 Queens Quay E,43.6451308,-79.3653644
7752,NA,1926 Lake Shore Blvd W,43.6357643,-79.4674917
7385,20 Charles St E,20 Charles St E,43.6691099,-79.38551
7689,NA,20 Eaton Ave,43.680012,-79.3440325
7332,200 Bloor St. E.,200 Bloor St E,43.671561,-79.38117
7704,NA,24 Mountjoy Ave,43.6808774,-79.3304491
7681,25 Booth Ave,25 Booth Ave,43.6544839,-79.341057
7070,25 York St  Union Station South,25 York St  Union Station South,43.643667,-79.380414
7729,NA,265 Armadale Ave,43.6501644,-79.4829691
7660,285 Victoria St,285 Victoria St,43.656633,-79.379625
7492,324 Cherry St,324 Cherry St,43.6482995,-79.3552533
7753,NA,36 Park Lawn Rd,43.6236917,-79.4838132
7519,406 Oakwood Ave,406 Oakwood Ave,43.6882706,-79.43937767
7123,424 Wellington St W,424 Wellington St W,43.643834,-79.396649
7549,439 Sherbourne St,439 Sherbourne St,43.666051,-79.374161
7323,457 King St. W. at Spadina,457 King St W,43.6452091,-79.3960744
7064,51 Parliament St,51 Parliament St,43.65205,-79.362198
7241,519 Church St - SMART,519 Church St,43.666874,-79.381155
7531,541 Huron St - SMART,541 Huron St - SMART,43.670206,-79.402643
7783,NA,60 Carl Hall Rd - SMART,43.7482972,-79.4757057
7117,640 Bloor Street E,640 Bloor Street E,43.67468857,-79.36701962
7778,NA,75 Thorncliffe Park Dr,43.70518328,-79.3422473
7208,80 Clinton St (North of College),80 Clinton St,43.656296,-79.414663
7730,NA,800 Fleet St,43.636804,-79.408832
7692,NA,85 Lee Ave,43.6700692,-79.2971326
7648,909 Yonge St,909 Yonge St,43.67515256,-79.38849616
7473,Adelaide St W / Strachan Ave,Adelaide St W / Strachan Ave,43.64325309,-79.4123047
7582,Alameda Ave / Vaughan Rd - SMART,Alameda Ave / Vaughan Rd - SMART,43.690903,-79.4375028
7766,NA,Albany Ave / Bloor St W,43.66554144,-79.41010318
7367,Alma Ave / Gladstone Ave SMART,Alma Ave / Gladstone Ave SMART,43.6448617,-79.42822
7343,Alton Ave / Dundas St E (Greenwood Park),Alton Ave / Dundas St E (Greenwood Park),43.66745,-79.329408
7540,Alvin Ave / St Clair Ave E,Alvin Ave / St Clair Ave E,43.68871,-79.39264
7312,Amelia St. / Sumach St.,Amelia St. / Sumach St.,43.66852,-79.363525
7515,Amos Waites Park,Amos Waites Park,43.613606,-79.4883535
7659,Amroth Ave / Danforth Ave,Amroth Ave / Danforth Ave,43.6856128,-79.3116827
7641,Annette St / Dundas W,Annette St / Dundas St W,43.6641174,-79.4588522
7561,Annette St / Jane St,Annette St / Jane St,43.658574,-79.487246
7477,Antler St / Campbell Ave - SMART,Antler St / Campbell Ave - SMART,43.664182,-79.449066
7768,NA,Armoury St / Chestnut St,43.653518,-79.38591064
7189,Augusta Ave / Denison Sq,Augusta Ave / Denison Sq,43.653766,-79.4016759
7032,Augusta Ave / Dundas St W,Augusta Ave / Dundas St W,43.652473,-79.401456
7545,Baldwin St / Henry St,Baldwin St / Henry St,43.6560758,-79.393259
7248,Baldwin Ave / Spadina Ave - SMART,Baldwin St / Spadina Ave - SMART,43.654905,-79.398448
7377,Balliol St / Yonge St  SMART,Balliol St / Yonge St  SMART,43.6978701,-79.39419
7526,Bartlett Parkette,Bartlett Parkette,43.6702236,-79.4360232
7420,Barton St / Howland St - SMART,Barton Ave / Howland Ave - SMART,43.66842,-79.410585
7298,Bathurst St / Adelaide St W,Bathurst St / Adelaide St W,43.645324,-79.40345
7037,Bathurst St / Dundas St W,Bathurst St / Dundas St W,43.6519501,-79.4060978
7176,Bathurst St / Fort York Blvd,Bathurst St / Fort York Blvd,43.639179,-79.399595
7682,NA,Bathurst St / Front St W,43.6413479,-79.4013882
7155,Bathurst St / Lennox St,Bathurst St / Lennox St,43.663808,-79.410491
7203,Bathurst St/Queens Quay(Billy Bishop Airport),Bathurst St/Queens Quay(Billy Bishop Airport),43.635492,-79.398253
7154,Bathurst Subway Station,Bathurst Subway Station,43.6666667,-79.41166667
7021,Bay St / Albert St,Bay St / Albert St,43.653264,-79.382458
7029,Bay St / Bloor St W (East Side),Bay St / Bloor St W (East Side),43.66943,-79.38915
7335,Bay St / Bloor St W (West Side),Bay St / Bloor St W (West Side),43.669244,-79.3894
7273,Bay St / Charles St - SMART,Bay St / Charles St W - SMART,43.668153,-79.38891
7006,Bay St / College St (East Side),Bay St / College St (East Side),43.660439,-79.385525
7235,Bay St / College St (West Side) - SMART,Bay St / College St (West Side) - SMART,43.660087,-79.385655
7684,NA,Bay St / Harbour St (East),43.64215,-79.377
7683,NA,Bay St / Harbour St (West),43.64191,-79.378325
7016,Bay St / Queens Quay W (Ferry Terminal),Bay St / Queens Quay W (Ferry Terminal),43.640978,-79.376785
7127,Bay St / Scollard St,Bay St / Scollard St,43.672152,-79.39018
7026,Bay St / St. Joseph St,Bay St / St. Joseph St,43.665527,-79.387499
7030,Bay St / Wellesley St W,Bay St / Wellesley St W,43.664088,-79.387095
7575,Bayview Ave / Lawren Harris Square,Bayview Ave / Lawren Harris Square,43.6548521,-79.3539768
7662,Beaty Ave / Queen St W,Beaty Ave / Queen St W,43.6393107,-79.4408141
7541,Bellwoods Ave / Treford Pl - SMART,Bellwoods Ave / Treford Pl - SMART,43.65246,-79.413528
7355,Beltline Trail / Chaplin Cres.,Beltline Trail / Chaplin Cres.,43.704461,-79.423122
7709,NA,Beltline Trail / Yonge St,43.6962302,-79.3950434
7506,Berkeley St / Adelaide St E - SMART,Berkeley St / Adelaide St E - SMART,43.653359,-79.365023
7508,Berkeley St / Dundas St E - SMART,Berkeley St / Dundas St E - SMART,43.658816,-79.367318
7558,Berry Rd / Bell Manor Dr,Berry Rd / Bell Manor Dr,43.63732,-79.489083
7745,NA,Bert Robinson Park,43.688028,-79.460265
7027,Beverley  St / Dundas St W,Beverley  St / Dundas St W,43.652823,-79.393388
7161,Beverley St / College St,Beverley St / College St,43.6575,-79.39527778
7735,NA,Birchcliff Ave / Kingston Rd,43.691688,-79.265027
7736,NA,Birchmount Rd / Kingston Rd,43.69401298,-79.26257205
7340,Blake St / Boultbee Ave,Blake St / Boultbee Ave,43.672453,-79.338259
7068,Blantyre Park,Blantyre Park,43.6830689,-79.279682
7452,Bleecker St / St James Ave,Bleecker St / St James Ave,43.669232,-79.374495
7264,Bloor St E / Huntley St - SMART,Bloor St E / Huntley St - SMART,43.671535,-79.379173
7276,Bloor St W / Balmuto St,Bloor St W / Balmuto St,43.669903,-79.387802
7656,Bloor St W / Brock Ave,Bloor St W / Brock Ave,43.6589882,-79.438715
7153,Bloor St W / Christie St,Bloor St W / Christie St,43.6638889,-79.41888889
7174,Bloor St W / Dundas St W,Bloor St W / Dundas St W,43.6563889,-79.45166667
7687,NA,Bloor St W / Gladstone Ave - SMART,43.6602021,-79.4342726
7419,Bloor St W / Huron St,Bloor St W / Huron St,43.667023,-79.401805
7239,Bloor St W / Manning Ave - SMART,Bloor St W / Manning Ave - SMART,43.663912,-79.416124
7748,NA,Bloor St W / Old Mill Trl,43.6501687,-79.4963345
7654,Bloor St W / Pacific Ave,Bloor St W / Pacific Ave,43.6541245,-79.4636388
7636,Bloor St W / Riverside Ave,Bloor St W / Riverside Dr,43.647663,-79.487583
7240,Bloor St W / Shaw Ave - SMART,Bloor St W / Shaw Ave - SMART,43.662403,-79.423098
7485,Blythwood Rd / Yonge St - SMART,Blythwood Rd / Yonge St - SMART,43.716652,-79.399993
7045,Bond St / Queen St E,Bond St / Queen St E,43.653236,-79.376716
7619,Braemar Ave / Eglinton Ave W,Braemar Ave / Eglinton Ave W,43.7041957,-79.4094472
7018,Bremner Blvd / Rees St,Bremner Blvd / Rees St,43.641529,-79.386741
7484,Briar Hill Ave / Yonge St - SMART,Briar Hill Ave / Yonge St - SMART,43.713524,-79.400162
7601,Brick Works,Brick Works,43.683884,-79.36647
7142,Bridgeman Ave / Bathurst St,Bridgman Ave / Bathurst St,43.674444,-79.414722
7141,Bridgeman Ave / Kendal Ave,Bridgman Ave / Kendal Ave,43.675556,-79.410278
7350,Broadview Ave / Westwood Ave,Broadview Ave / Westwood Ave,43.6848652,-79.356602
7388,Broadview Ave / Danforth Ave,Broadview Subway Station,43.6772,-79.35858
7173,Cariboo St / Rail Path,Cariboo St / Rail Path,43.66666667,-79.45833333
7450,Carlaw Ave / Danforth Ave,Carlaw Ave / Danforth Ave,43.678285,-79.347346
7570,Carlaw Ave / Dundas St E,Carlaw Ave / Dundas St E,43.665076,-79.341509
7339,Carlaw Ave / Strathcona Ave,Carlaw Ave / Strathcona Ave,43.6753188,-79.3462789
7114,Carlton St / Parliament St,Carlton St / Parliament St,43.664524,-79.36793
7191,Central Tech  (Harbord St),Central Tech  (Harbord St),43.661975,-79.407896
7280,Charles St E / Jarvis St - SMART,Charles St E / Jarvis St - SMART,43.669604,-79.381171
7281,Charles St W / Balmuto St - SMART,Charles St W / Balmuto St - SMART,43.668427,-79.38725
7344,Cherry Beach,Cherry Beach,43.637764,-79.345359
7345,Cherry Beach Sports Field (55 Unwin Ave),Cherry Beach Sports Field (55 Unwin Ave),43.6408346,-79.3429074
7107,Cherry St / Distillery Ln,Cherry St / Distillery Ln,43.650279,-79.356832
7099,Cherry St / Mill St,Cherry St / Mill St,43.6513927,-79.3579466
7094,Chester Station,Chester Subway Station,43.6784834,-79.3513564
7632,Chiltern Hill Rd / Eglinton Ave W,Chiltern Hill Rd / Eglinton Ave W,43.7004017,-79.4275305
7277,Chorley Park - SMART,Chorley Park - SMART,43.6856,-79.3718
7146,Christie St / Benson Ave (Wychwood Barns),Christie St / Benson Ave (Wychwood Barns),43.68,-79.425
7691,NA,Christie St / Dupont St,43.67168,-79.421192
7089,Church St  / Wood St,Church St  / Wood St,43.662712,-79.379903
7044,Church St / Alexander St,Church St / Alexander St,43.663722,-79.380288
7034,Church St / Bloor St E,Church St / Bloor St E,43.671389,-79.382919
7270,Church St / Dundas St E - SMART,Church St / Dundas St E - SMART,43.657024,-79.377257
7458,Church St / Lombard St,Church St / Lombard St,43.651678,-79.375233
7716,NA,Church St / The Esplanade,43.6469251,-79.3733192
7206,Claremont St / Dundas St W,Claremont St / Dundas St W,43.651281,-79.411717
7474,Clarence Square,Clarence Square,43.64407,-79.3929
7444,Clendenan Ave / Rowland St - SMART,Clendenan Ave / Rowland St - SMART,43.66073,-79.47149
7705,NA,Colgate Ave / Carlaw Ave,43.6623658,-79.3413344
7389,College Park- Gerrard Entrance,College Park - Gerrard Entrance,43.658938,-79.383518
7418,College Park - Yonge St Entrance,College Park - Yonge St Entrance,43.65988,-79.38279
7077,College Park South,College Park South,43.659777,-79.382767
7023,College St / Borden St,College St / Borden St,43.6571,-79.4056
7204,College St / Crawford St,College St / Crawford St,43.655,-79.418889
7762,NA,College St / Henry St ,43.6591529,-79.3947953
7007,College St / Huron St,College St / Huron St,43.658148,-79.398167
7078,College St / Major St,College St / Major St,43.6576,-79.4032
7199,College St / Markham St,College St / Markham St,43.65638889,-79.40916667
7615,Colonel Danforth Park,Colonel Danforth Park,43.7777114,-79.1659711
7360,Concord Av / Dewson St,Concord Av / Dewson St,43.656945,-79.424911
7437,Concord Ave / Bloor St W,Concord Ave / Bloor St W,43.66189,-79.42679
7707,NA,Coronation Park (Martin Goodman Trail),43.635495,-79.4035221
7449,Cosburn Ave / Cedarvale Ave,Cosburn Ave / Cedarvale Ave,43.697139,-79.31469
7352,Cosburn Ave / Donlands Ave,Cosburn Ave / Donlands Ave,43.690537,-79.341307
7572,Cosburn Ave / Durant Ave,Cosburn Ave / Durant Ave,43.6935477,-79.3301658
7313,Coxwell Ave /  Lake Shore Blvd E,Coxwell Ave /  Lake Shore Blvd E,43.662771,-79.315223
7331,Coxwell Ave / Plains Rd,Coxwell Ave / Plains Rd,43.69595,-79.328535
7329,Crawford St / Queen St W,Crawford St / Queen St W,43.645665,-79.415345
7384,Cumberland Ave / Bay St SMART,Cumberland Ave / Bay St SMART,43.6704537,-79.39014
7061,Dalton Rd / Bloor St W,Dalton Rd / Bloor St W,43.6662942,-79.4066433
7087,Danforth Ave / Aldridge Ave,Danforth Ave / Aldridge Ave,43.684758,-79.316767
7083,Danforth Ave / Barrington Ave,Danforth Ave / Barrington Ave,43.688325,-79.300463
7088,Danforth Ave / Coxwell Ave,Danforth Ave / Coxwell Ave,43.683378,-79.322961
7655,Danforth Ave / Dewhurst Blvd,Danforth Ave / Dewhurst Blvd,43.680207,-79.339243
7095,Danforth Ave / Ellerbeck St,Danforth Ave / Ellerbeck St,43.677076,-79.35667
7093,Danforth Ave / Gough Ave,Danforth Ave / Gough Ave,43.678401,-79.346289
7090,Danforth Ave / Lamb Ave,Danforth Ave / Lamb Ave,43.681991,-79.329455
7734,NA,Danforth Ave / Warden Ave,43.6950192,-79.2718066
7085,Danforth Ave / Westlake Ave,Danforth Ave / Westlake Ave,43.687323,-79.304848
7386,D'Arcy St. /McCaul St. SMART,D'Arcy St / McCaul St - SMART,43.655227,-79.39201
7129,Davenport Rd / Avenue Rd,Davenport Rd / Avenue Rd,43.674991,-79.396273
7137,Davenport Rd / Bathurst St,Davenport Rd / Bathurst St,43.676667,-79.416111
7130,Davenport Rd / Bedford Rd,Davenport Rd / Bedford Rd,43.674446,-79.398331
7138,Davenport Rd / Christie St,Davenport Rd / Christie St,43.675278,-79.423889
7327,Davenport Rd / Oakwood Rd - SMART,Davenport Rd / Dovercourt Rd - SMART,43.6741219,-79.4352208
7326,Davenport Rd / Lansdowne Ave,Davenport Rd / Lansdowne Ave,43.671526,-79.44874
7494,Davenport Rd / McAlpine St - SMART,Davenport Rd / McAlpine St - SMART,43.673768,-79.391253
7539,Davisville Ave / Pailton Cres,Davisville Ave / Pailton Cres,43.69933,-79.39199
7606,Dawes Rd / Taylor Creek Trl,Dawes Rd / Taylor Creek Trl,43.696631,-79.297436
7395,Dentonia Park,Dentonia Park,43.694341,-79.291416
7091,Donlands Station,Donlands Subway Station,43.681114,-79.3373885
7249,Dovercourt Rd / Harrison St (Green P) - SMART,Dovercourt Rd / Harrison St (Green P) - SMART,43.651145,-79.423742
7784,NA,Downsview Park Blvd / Keele St  - SMART,43.73673829,-79.48227196
7782,NA,Downsview Park Subway Station - SMART,43.753107,-79.479626
7758,NA,Driftwood Ave / Finch Hydro Trail,43.7603624,-79.5162777
7244,Dufferin Gate - SMART,Dufferin Gate - SMART,43.633473,-79.425679
7157,Dufferin St / Bloor St,Dufferin St / Bloor St W,43.66083333,-79.43583333
7587,Dufferin St / Finch Hydro Recreational Trail,Dufferin St / Finch Hydro Recreational Trail,43.7724019,-79.4675395
7150,Dufferin St / Sylvan Av (Dufferin Grove Park),Dufferin St / Sylvan Av (Dufferin Grove Park),43.6555556,-79.43361111
7433,Dundas St E / Boulton Ave - SMART,Dundas St E / Boulton Ave - SMART,43.663148,-79.347938
7124,Dundas St E / Broadview Ave,Dundas St E / Broadview Ave,43.662365,-79.351104
7443,Dundas St E / George St,Dundas St E / George St,43.6574766,-79.373446
7065,Dundas St E / Parliament St,Dundas St E / Parliament St,43.659575,-79.365769
7267,Dundas St E / Pembroke St - SMART,Dundas St E / Pembroke St - SMART,43.658295,-79.372346
7100,Dundas St E / Regent Park Blvd,Dundas St E / Regent Park Blvd,43.660207,-79.361275
7207,Dundas St W / Crawford St,Dundas St W / Crawford St,43.649722,-79.416944
7178,Dundas St W / Edna Ave,Dundas St W / Edna Ave,43.657192,-79.452559
7229,Dundas St W / Roncesvalles Green P - SMART,Dundas St W / Roncesvalles Green P - SMART,43.6534268,-79.4512787
7666,Dundas St W / St Helen Ave - SMART,Dundas St W / St Helen's Ave - SMART,43.6504218,-79.4407647
7257,Dundas St W / St. Patrick St,Dundas St W / St. Patrick St,43.6545174,-79.3895315
7038,Dundas St W / Yonge St,Dundas St W / Yonge St,43.656094,-79.381484
7024,Dundonald St / Church St,Dundonald St / Church St,43.66663,-79.38148
7564,Durie St / Dundas St W,Durie St / Dundas St W,43.665523,-79.484892
7322,King St W / Brant St,E Liberty St / Western Battery Rd,43.6392777,-79.4115736
7455,E.T. Seton Park (Eglinton Ave E / Leslie St),E.T. Seton Park (Eglinton Ave E / Leslie St),43.715951,-79.351246
7644,East Lynn Ave / Danforth Ave,East Lynn Ave / Danforth Ave,43.6850809,-79.3149901
7341,Eastern Ave / Winnifred Ave,Eastern Ave / Winnifred Ave,43.6592088,-79.3348396
7445,Eastwood Rd / Coxwell Ave,Eastwood Rd / Coxwell Ave,43.673118,-79.318651
7487,Eastwood Rd / Woodbine Ave - SMART,Eastwood Rd / Woodbine Ave - SMART,43.676216,-79.309395
7041,Edward St / Yonge St,Edward St / Yonge St,43.656729,-79.382736
7620,Eglinton Ave E / Redpath Ave,Eglinton Ave E / Redpath Ave,43.7078691,-79.39248
7747,NA,Eglinton Ave W / Ennerdale Rd,43.69466,-79.45377
7743,NA,Eglinton Ave W / Gilbert Ave,43.6926325,-79.4627536
7371,Eglinton Ave W / Henning Ave SMART,Eglinton Ave W / Henning Ave SMART,43.7063473,-79.40161
7742,NA,Eglinton Ave W / Prospect Cemetery,43.69415,-79.4578258
7583,Eglinton Ave W / Scarlett Rd,Eglinton Ave W / Scarlett Rd,43.6834703,-79.5108942
7012,Elizabeth St / Edward St (Bus Terminal),Elizabeth St / Edward St (Bus Terminal),43.656026,-79.385327
7478,Ellis Ave / The Queensway,Ellis Ave / The Queensway,43.63855,-79.46693
7647,Elm St/ University Ave (East Side),Elm St/ University Ave (East Side),43.656373,-79.3878104
7591,Elwood Blvd / Avenue Rd,Elwood Blvd / Avenue Rd,43.707049,-79.40966
7521,Emerson Ave / Bloor St W,Emerson Ave / Bloor St W,43.659055,-79.440764
7380,Erskine Ave / Yonge St SMART,Erskine Ave / Yonge St SMART,43.7112153,-79.39894
7151,Essex St / Christie St - SMART,Essex St / Christie St - SMART,43.6686111,-79.42027778
7590,Esther Shiner Stadium,Esther Shiner Stadium,43.7774374,-79.4447096
7040,Euclid Ave / Bloor St W,Euclid Ave / Bloor St W,43.664467,-79.414783
7537,Euclid Ave / Herrick St - SMART,Euclid Ave / Herrick St - SMART,43.661559,-79.413845
7188,Exhibition GO (Atlantic Ave),Exhibition GO (Atlantic Ave),43.63769549,-79.42023184
7243,Exhibition GO Station,Exhibition GO Station,43.6352007,-79.4187711
7607,Fairmount Park,Fairmount Park,43.6765897,-79.3163022
7706,NA,Felstead Ave/Gillard Ave (Monarch Park),43.6791345,-79.3263159
7776,NA,Ferrand Dr / Rochefort Dr,43.71963254,-79.33199951
7586,Finch West Subway Station,Finch West Subway Station,43.76521,-79.491281
7072,Fleet St / Bathurst St,Fleet St / Bathurst St,43.636611,-79.400042
7594,Fleming Cres / Bayview Ave,Fleming Cres / Bayview Ave,43.707045,-79.375437
7631,Florence Gell Park,Florence Gell Park,43.6615467,-79.498398
7000,Fort York  Blvd / Capreol Ct,Fort York  Blvd / Capreol Ct,43.639832,-79.395954
7366,Fort York Blvd / Bathurst St SMART,Fort York Blvd / Bathurst St SMART,43.639052,-79.399792
7211,Fort York Blvd / Garrison Rd,Fort York Blvd / Garrison Rd,43.637381,-79.406112
7432,Frederick St / King St E,Frederick St / King St E,43.651118,-79.369411
7374,Frederick St / The Esplanade,Frederick St / The Esplanade,43.6487245,-79.36839
7376,Frobisher Ave / Lascelles Blvd,Frobisher Ave / Lascelles Blvd,43.696708,-79.40045
7576,Front St E / Bayview Avenue,Front St E / Bayview Avenue,43.6535,-79.354068
7108,Front St E / Cherry St,Front St E / Cherry St,43.652686,-79.358395
7375,Front St E / Scott St,Front St E / Scott St,43.6476616,-79.37549
7169,Front St W / Bay St (North Side),Front St W / Bay St (North Side),43.646162,-79.378912
7283,Front St W / Bay St (South Side),Front St W / Bay St (South Side),43.64595,-79.378761
7059,Front St W / Blue Jays Way,Front St W / Blue Jays Way,43.643473,-79.390477
7468,Front St / Simcoe St,Front St W / Simcoe St,43.6442,-79.38702
7320,Front St W / University Ave (1),Front St W / University Ave (1),43.6451635,-79.3831757
7321,Front St W / University Ave (2),Front St W / University Ave (2),43.6452972,-79.3827914
7048,Front St W / Yonge St (Hockey Hall of Fame),Front St W / Yonge St (Hockey Hall of Fame),43.646144,-79.377962
7353,Fulton Ave / Pape Ave,Fulton Ave / Pape Ave,43.68395,-79.347046
7588,G Ross Lord Park,G Ross Lord Park,43.7781116,-79.467963
7349,Gamble Ave / Broadview Ave,Gamble Ave / Broadview Ave,43.689211,-79.35438
7230,Garden Ave / Roncesvalles Ave,Garden Ave / Roncesvalles Ave,43.643769,-79.447915
7373,George St / King St E,George St / King St E,43.6509552,-79.3707
7337,Gerrard Square Mall (1010 Gerrard St E),Gerrard Square Mall (1010 Gerrard St E),43.668553,-79.338673
7286,Gerrard St E / Broadview - SMART,Gerrard St E / Broadview - SMART,43.665656,-79.352055
7431,Gerrard St E / Leslie St,Gerrard St E / Leslie St,43.669813,-79.3335
7486,Gerrard St E / Ted Reeve Dr,Gerrard St E / Main St,43.684261,-79.299332
7503,Gerrard St E / Malvern Ave - SMART,Gerrard St E / Malvern Ave - SMART,43.685221,-79.294766
7120,Gerrard St E / River St,Gerrard St E / River St,43.663993,-79.358534
7504,Gerrard St E / Victoria Park Ave - SMART,Gerrard St E / Victoria Park Ave - SMART,43.686962,-79.286864
7579,Glebe Rd W / Yonge St,Glebe Rd W / Yonge St,43.7005976,-79.397345
7139,Glen Edyth Dr / Davenport Rd,Glen Edyth Dr / Davenport Rd,43.677778,-79.405556
7466,Glendonwynne Ave / Bloor St W,Glendonwynne Ave / Bloor St W,43.65182,-79.47421
7448,Goodwood Park Ct / Dentonia Park,Goodwood Park Ct / Dentonia Park,43.694826,-79.295208
7438,High Park Subway,Gothic Ave / Quebec Ave,43.65389,-79.4675
7028,Gould St / Mutual St,Gould St / Mutual St,43.6582,-79.3768
7164,Gould St / Yonge St (Ryerson University),Gould St / Yonge St (Ryerson University),43.657424,-79.381019
7292,Granby St / Church St - SMART,Granby St / Church St - SMART,43.6614605,-79.3789457
7760,NA,Grand Avenue Park,43.62313,-79.4918
7774,NA,Grenoble Dr / Deauville Ln,43.71649676,-79.3308944
7773,NA,Grenoble Dr / Gateway Blvd,43.71513211,-79.33413623
7775,NA,Grenoble Dr / Vendome Pl,43.715538,-79.32811428
7624,Guildwood GO Station (South),Guildwood GO Station (South),43.754978,-79.1971289
7135,Hanna Ave / Liberty St,Hanna Ave / Liberty St,43.6384009,-79.4197107
7192,Harbord St / Clinton St,Harbord St / Clinton St,43.660414,-79.415646
7711,NA,Havelock St / Dewson St,43.6554793,-79.4302462
7297,Havelock St / Dufferin Park,Havelock St / Dufferin Park,43.657343,-79.43112
7162,Hayter St / Laplante Ave,Hayter St / Laplante Ave,43.65916667,-79.38555556
7696,NA,Heyworth Cres / Kingston Rd,43.6750806,-79.3068697
7084,High Park - Grenadier Cafe,High Park - Grenadier Cafe,43.645599,-79.4657123
7086,High Park - West Rd,High Park - West Rd,43.6525077,-79.4654233
7461,High Park Amphitheatre,High Park Amphitheatre,43.645653,-79.464366
7581,High Park Ave / Dundas St W,High Park Ave / Dundas St W,43.6653032,-79.4701178
7688,NA,High Park Blvd / Parkside Dr,43.644887,-79.4564117
7460,High Park Outdoor Pool,High Park Outdoor Pool,43.649217,-79.465319
7221,High Park Subway Station,High Park Subway Station,43.6543604,-79.4655296
7571,Highfield Rd / Gerrard St E,Highfield Rd / Gerrard St E,43.671771,-79.324961
7738,NA,Highview Ave / Kennedy Rd,43.70241858,-79.25631671
7580,Hillsdale Ave W / Yonge St,Hillsdale Ave W / Yonge St,43.7029672,-79.3979073
7361,Hocken Ave./Vaughan Rd.,Hocken Ave / Vaughan Rd,43.6817346,-79.4184725
7533,Housey St / Dan Leckie Way,Housey St / Dan Leckie Way,43.63811,-79.397877
7247,Howard Park Ave / Dundas St W - SMART,Howard Park Ave / Dundas St W - SMART,43.6521,-79.4486
7741,NA,Howard Park Ave / Parkside Dr,43.648657,-79.458111
7410,Howard St / Rose Ave,Howard St / Rose Ave,43.671278,-79.372127
7115,Howard St / Sherbourne St,Howard St / Sherbourne St,43.6712581,-79.376367
7175,HTO Park (Queens Quay W),HTO Park (Queens Quay W),43.63796,-79.387502
7787,NA,HTO Park West,43.63737146,-79.38976959
7317,Hubbard Blvd / Balsam Av,Hubbard Blvd / Balsam Av,43.669328,-79.288949
7318,Hubbard Blvd. / Glen Manor Dr.,Hubbard Blvd. / Glen Manor Dr.,43.668633,-79.291162
7514,Humber Bay Shores Park / Marine Parade Dr,Humber Bay Shores Park / Marine Parade Dr,43.626265,-79.476723
7289,Humber Bay Shores Park East,Humber Bay Shores Park East,43.6308933,-79.4722622
7288,Humber Bay Shores Park West,Humber Bay Shores Park West,43.6224434,-79.480284
7554,Humber College,Humber College,43.5961692,-79.5160575
7501,Humberside Grounds - SMART,Humberside Grounds - SMART,43.65917,-79.46997
7058,Huron/ Harbord St,Huron St / Harbord St,43.6637,-79.400053
7409,Isabella St / Church St,Isabella St / Church St,43.66834,-79.38235
7568,Jameson Ave / Queen St W,Jameson Ave / Queen St W,43.63985,-79.43703
7479,Jane St / Bloor St W (Jane Subway Station),Jane St / Bloor St W (Jane Subway Station),43.64976,-79.48477
7055,Jarvis St / Carlton St,Jarvis St / Carlton St,43.66207,-79.37617
7121,Jarvis St / Dundas St E,Jarvis St / Dundas St E,43.657266,-79.374756
7031,Jarvis St / Isabella St,Jarvis St / Isabella St,43.668991,-79.379385
7453,Jarvis St / Maitland Pl,Jarvis St / Maitland Pl,43.6647688,-79.3772602
7475,Jarvis St / Richmond St E,Jarvis St / Richmond St E,43.652777,-79.372637
7103,Jimmie Simpson Park (Queen St E),Jimmie Simpson Park (Queen St E),43.6605603,-79.3437663
7253,John St  / Mercer St - SMART,John St  / Mercer St - SMART,43.6461,-79.3895
7527,Joseph J Piccininni Community Centre,Joseph J Piccininni Community Centre,43.675648,-79.4527619
7637,Judson St / Royal York,Judson St / Royal York Rd,43.6162721,-79.4990363
7414,Keele St / Annette St,Keele St / Annette St,43.66402,-79.46418
7785,NA,Keele St / Dovehouse Ave - SMART,43.7494501,-79.4869662
7415,Keele St / Vine Ave,Keele St / Vine Ave,43.66686,-79.46526
7143,Kendal Ave / Bernard Ave,Kendal Ave / Bernard Ave,43.671513,-79.408317
7132,Kendal Ave / Spadina Rd,Kendal Ave / Spadina Rd,43.670318,-79.405181
7365,Kew Beach Ave / Kenilworth Ave,Kew Beach Ave / Kenilworth Ave,43.666325,-79.3014
7663,Kilgour Rd / Rumsey Rd,Kilgour Rd / Rumsey Rd,43.718039,-79.371914
7233,King / Cowan Ave - SMART,King / Cowan Ave - SMART,43.637922,-79.431734
7356,King St E / Ontario St.,King St E / Berkeley St,43.651885,-79.3649
7074,King St E / Church St,King St E / Church St,43.6500392,-79.3733541
7009,King St E / Jarvis St,King St E / Jarvis St,43.650325,-79.372287
7104,King St E / River St,King St E / River St,43.65678478,-79.35627385
7333,King St E / Victoria St,King St E / Victoria St,43.6495789,-79.3762096
7118,King St W / Bay St (East Side),King St W / Bay St (East Side),43.648575,-79.380042
7015,King St W / Bay St (West Side),King St W / Bay St (West Side),43.64852,-79.380576
7685,NA,King St W / Brant St,43.645102,-79.3974498
7324,King St W / Charlotte St (West Side),King St W / Charlotte St,43.645572,-79.39399
7412,King St W / Crawford St,King St W / Crawford St,43.6417852,-79.4131148
7111,King St W / Douro St,King St W / Douro St,43.640885,-79.416379
7147,King St W / Fraser Ave,King St W / Fraser Ave,43.6394444,-79.42527778
7148,King St W / Joe Shuster Way,King St W / Joe Shuster Way,43.639444,-79.423611
7417,King St W / Jordan St,King St W / Jordan St,43.648928,-79.378623
7720,NA,King St W / Portland St,43.644395,-79.4006543
7010,King St W / Spadina Ave,King St W / Spadina Ave,43.645323,-79.395003
7158,King St W / Stafford St,King St W / Stafford St,43.6422222,-79.41111111
7160,King St W / Tecumseth St,King St W / Tecumseth St,43.64333333,-79.40555556
7005,King St W / York St,King St W / York St,43.6480008,-79.383177
7658,Kings Mill Park,Kings Mill Park,43.64920407,-79.49336334
7610,Kingston Rd / Beech Ave,Kingston Rd / Beech Ave,43.680095,-79.291714
7737,NA,Kingston Rd / Glen Everest Rd,43.69749005,-79.25655146
7739,NA,Kingston Rd / Ridgemoor Ave,43.70643614,-79.25104443
7732,NA,Kingston Rd / Warden Ave,43.68824136,-79.27046628
7319,Lake Shore Blvd E / Knox Ave,Lake Shore Blvd E / Knox Ave,43.660206,-79.3244
7357,Lake Shore Blvd E / Leslie St,Lake Shore Blvd E / Leslie St,43.659195,-79.329196
7769,NA,Lake Shore Blvd W / Brow Dr,43.59119994,-79.54449133
7518,Lake Shore Blvd W / Colborne Lodge Dr,Lake Shore Blvd W / Colborne Lodge Dr,43.63771,-79.458173
7220,Lake Shore Blvd W / Ellis Ave,Lake Shore Blvd W / Ellis Ave,43.635932,-79.465083
7471,Lake Shore Blvd W / Louisa St,Lake Shore Blvd W / Louisa St,43.61868,-79.48674
7242,Lake Shore Blvd W / Ontario Dr,Lake Shore Blvd W / Ontario Dr,43.630254,-79.420317
7226,Lake Shore Blvd W / The Boulevard Club,Lake Shore Blvd W / The Boulevard Club,43.636731,-79.444966
7552,Lake Shore Blvd W / Thirty Ninth Street,Lake Shore Blvd W / Thirty Ninth Street,43.5927419,-79.5403301
7553,Lake Shore Blvd W / Twenty Fourth St,Lake Shore Blvd W / Twenty Fourth St,43.597082,-79.522768
7225,Lake Shore Blvd W / Windermere Ave,Lake Shore Blvd W / Windermere Ave,43.634896,-79.467763
7596,Langford Ave / Danforth Ave - SMART,Langford Ave / Danforth Ave - SMART,43.6800218,-79.3405681
7181,Lansdowne Ave / Whytock Ave,Lansdowne Ave / Whytock Ave,43.65388889,-79.44138889
7180,Lansdowne Subway Station,Lansdowne Subway Station,43.6587734,-79.443054
7403,Lascelles Blvd / Eglinton Ave W,Lascelles Blvd / Eglinton Ave W,43.70547,-79.40355
7379,Lawton Blvd / Yonge St,Lawton Blvd / Yonge St,43.6910667,-79.39535
7112,Liberty St / Fraser Ave Green P,Liberty St / Fraser Ave Green P,43.637981,-79.424146
7524,Lisgar Park,Lisgar Park,43.6423847,-79.4240277
7368,Lisgar St / Dundas St SMART,Lisgar St / Dundas St W - SMART,43.6493472,-79.42668
7411,Little Norway Park,Little Norway Park,43.635023,-79.399505
7613,Livingston Rd (Highland Creek Trail),Livingston Rd (Highland Creek Trail),43.7561681,-79.2026694
7612,Livingston Rd / Guildwood Pkwy,Livingston Rd / Guildwood Pkwy,43.747854,-79.199327
7346,Logan Av / Gerrard St E,Logan Av / Gerrard St E,43.6672144,-79.3452697
7338,Logan Ave / Bain Ave,Logan Ave / Bain Ave,43.6720273,-79.3470557
7442,Lonsdale Rd / Spadina Rd,Lonsdale Rd / Spadina Rd,43.688526,-79.412903
7096,Lower Don River Trail and Taylor Creek Trail,Lower Don River Trail and Taylor Creek Trail,43.7027268,-79.3336809
7399,Lower Jarvis / Queens Quay E,Lower Jarvis / Queens Quay E,43.64422,-79.36927
7686,NA,Lower Jarvis / The Esplanade,43.6478206,-79.3704721
7101,Lower Sherbourne St / The Esplanade,Lower Sherbourne St / The Esplanade,43.648655,-79.367061
7467,Lower Simcoe St / Bremner Blvd,Lower Simcoe St / Bremner Blvd,43.64283,-79.38409
7259,Lower Spadina Ave / Lake Shore Blvd,Lower Spadina Ave / Lake Shore Blvd,43.638497,-79.39192
7715,NA,Lumsden Ave / Cedarvale Ave,43.693187,-79.314283
7605,Lumsden Ave / Eastdale Ave,Lumsden Ave / Eastdale Ave,43.69413548,-79.30058719
7629,Lundy Ave / Etienne Brule Park,Lundy Ave / Etienne Brule Park,43.6625395,-79.5030161
7750,NA,Luttrell Ave / Danforth Ave,43.6897656,-79.2939525
7790,NA,Lynn William St / Pirandello St ,43.63912451,-79.41423167
7523,Lynn Williams St / East Liberty St - SMART,Lynn Williams St / East Liberty St - SMART,43.638925,-79.4168659
7140,Macpherson Ave / Spadina Rd,Macpherson Ave / Spadina Rd,43.675791,-79.40698
7003,Madison Ave / Bloor St W,Madison Ave / Bloor St W,43.667158,-79.402761
7278,Mallon Ave / Jones Ave -SMART,Mallon Ave / Jones Ave -SMART,43.66587,-79.33443
7622,Marie Curtis Park,Marie Curtis Park,43.5880774,-79.5432067
7430,Marilyn Bell Park Tennis Court,Marilyn Bell Park Tennis Court,43.633537,-79.437461
7746,NA,Marlee Ave / York Beltline Trail,43.70163,-79.44099
7227,Martin Goodman Trail (Marilyn Bell Park),Martin Goodman Trail (Marilyn Bell Park),43.6314,-79.4304
7440,Martin Goodman Trail / Ontario Dr,Martin Goodman Trail / Remembrance Dr,43.63121,-79.41414
7210,Mary McCormick Rec Centre (Sheridan Ave),Mary McCormick Rec Centre (Sheridan Ave),43.6475,-79.43305556
7079,McGill St / Church St,McGill St / Church St,43.660694,-79.379052
7424,Merton St / Mount Pleasant Rd,Merton St / Mount Pleasant Rd,43.697819,-79.38786
7053,Metro Hall Plaza,Metro Hall Plaza,43.645859,-79.38783
7299,Mill St / Parliament St,Mill St / Parliament St,43.650256,-79.36163
7106,Mill St / Tannery Rd,Mill St / Tannery Rd,43.652219,-79.354455
7595,Moore Park,Moore Park,43.693256,-79.383238
7614,Morningside Park (Highland Creek Trail),Morningside Park (Highland Creek Trail),43.779353,-79.193023
7342,Morse St / Eastern Ave,Morse St / Eastern Ave,43.657991,-79.340075
7387,Mortimer Ave / Carlaw Ave SMART,Mortimer Ave / Carlaw Ave SMART,43.685167,-79.34962
7194,Mortimer Ave / Coxwell Ave,Mortimer Ave / Coxwell Ave,43.690564,-79.326319
7761,NA,Moss Park,43.655972,-79.370638
7780,NA,Mt Pleasant Rd / Davisville Ave - SMART,43.70088226,-79.38736017
7693,NA,Mutual St / Shuter St (Arena Gardens),43.6559476,-79.3755883
7543,Nassau St / Bellevue Ave,Nassau St / Bellevue Ave,43.65484216,-79.40351232
7054,Navy Wharf Ct. / Bremner Blvd.,Navy Wharf Crt / Bremner Blvd,43.640722,-79.391051
7480,Neil McLellan Park,Neil McLellan Park,43.65143,-79.47779
7102,Nelson St / Duncan St,Nelson St / Duncan St,43.648711,-79.389728
7717,NA,Niagara St / Portland St,43.6425791,-79.4001173
7046,Niagara St / Richmond St W,Niagara St / Richmond St W,43.64534,-79.409597
7122,Niagara St / Tecumseth St,Niagara St / Tecumseth St,43.641389,-79.404444
7633,Noble St / Queen St W,Noble St / Queen St W,43.6424558,-79.4296346
7703,NA,Oak St / Sackville St,43.6613642,-79.3641171
7577,Oak St / Sumach St,Oak St / Sumach St,43.6617908,-79.361515
7603,O'Connor Dr / Curity Ave - SMART,O'Connor Dr / Curity Ave - Smart,43.707582,-79.311439
7171,Ontario Place Blvd / Lake Shore Blvd W (East),Ontario Place Blvd / Lake Shore Blvd W,43.6322445,-79.4108105
7505,Ontario St / Adelaide St E -SMART,Ontario St / Adelaide St E -SMART,43.6535052,-79.3667689
7446,Orchard Park,Orchard Park,43.66908,-79.3149
7547,Orde St / McCaul St,Orde St / McCaul St,43.6580442,-79.3927404
7643,Oriole Pkwy / Kilbarry Rd,Oriole Pkwy / Kilbarry Rd,43.6954486,-79.4026176
7152,Ossington Ave / Bloor St W,Ossington Ave / Bloor St W,43.661705,-79.425734
7791,NA,Ossington Ave / Bruce St,43.64570237,-79.41933192
7184,Ossington Ave / College St,Ossington Ave / College St,43.6544915,-79.422634
7209,Ossington Ave / Harrison St,Ossington Ave / Harrison St,43.65111111,-79.42138889
7441,Pacific Ave / Glenlake Ave,Pacific Ave / Glenlake Ave,43.65716,-79.46478
7536,Palmerston Ave / Dundas St W,Palmerston Ave / Dundas St W,43.651603,-79.408346
7144,Palmerston Ave / Vermont Ave,Palmerston Ave / Vermont Ave,43.671389,-79.416389
7348,Pape Ave / Gamble Ave,Pape Ave / Gamble Ave,43.690237,-79.350119
7092,Pape Subway Green P,Pape Subway Station (Green P),43.680223,-79.344062
7755,NA,Park Lawn Rd / Berry Rd,43.6356059,-79.4934616
7223,Parkside Dr / Bloor St W - SMART,Parkside Dr / Bloor St W - SMART,43.654501,-79.460053
7056,Parliament St / Gerrard St,Parliament St / Gerrard St,43.662132,-79.3656796
7733,NA,Pharmacy Ave / Danforth Ave,43.6929478,-79.2833998
7020,Phoebe St / Spadina Ave,Phoebe St / Spadina Ave,43.650033,-79.396555
7767,NA,Pioneer Village Subway Station,43.77649016,-79.50853649
7400,Polson Pier,Polson Pier,43.641675,-79.354006
7454,Pottery Rd / Lower Don River Trail,Pottery Rd / Lower Don River Trail,43.688148,-79.362101
7351,Pretoria Av / Broadview Av,Pretoria Ave / Broadview Ave,43.6783213,-79.35822
7301,Primrose Ave / Davenport Rd,Primrose Ave / Davenport Rd,43.67142,-79.445947
7680,Princes Gate / Nunavut Dr,Princes' Blvd / Nunavut Rd,43.6334636,-79.4143057
7562,Priscilla  Ave / Dundas St W,Priscilla  Ave / Dundas St W,43.664665,-79.489385
7336,Queen St E / Alton Av,Queen St E / Alton Av,43.663912,-79.327987
7110,Queen St E / Berkeley St,Queen St E / Berkeley St,43.6552778,-79.36583333
7315,Queen St E / Hammersmith Ave,Queen St E / Hammersmith Ave,43.671349,-79.29451
7695,NA,Queen St E / Joseph Duggan Rd,43.6677628,-79.3081171
7364,Queen St E / Nursewood Rd (Neville Park Loop),Queen St E / Nursewood Rd,43.673831,-79.281455
7287,Queen St E / Pape Ave - SMART,Queen St E / Pape Ave - SMART,43.661673,-79.337789
7258,Queen St E / Rushbrooke Ave,Queen St E / Rushbrooke Ave,43.6626628,-79.3323698
7105,Queen St E / Sackville St,Queen St E / Sackville St,43.6561111,-79.36138889
7303,Queen St E / Woodward Ave,Queen St E / Woodward Ave,43.665269,-79.319796
7232,Queen St W  /  Fuller Ave - SMART,Queen St W  /  Fuller Ave - SMART,43.640255,-79.439223
7202,Queen St W / York St (City Hall),Queen St W / Bay St (City Hall),43.6517925,-79.3826951
7136,Queen St W / Close Ave,Queen St W / Close Ave,43.640634,-79.435841
7198,Queen St W / Cowan Ave,Queen St W / Cowan Ave,43.6409,-79.432837
7197,Queen St W / Dovercourt Rd,Queen St W / Dovercourt Rd,43.6438602,-79.4227573
7193,Queen St W / Gladstone Ave,Queen St W / Gladstone Ave,43.64305556,-79.4275
7542,Queen St W / John St,Queen St W / John St,43.650077,-79.391291
7035,Queen St W / Ossington Ave,Queen St W / Ossington Ave,43.643975,-79.419576
7228,Queen St W / Roncesvalles Ave,Queen St W / Roncesvalles Ave,43.6372958,-79.4423237
7712,NA,Queen St W / Shaw St,43.6442457,-79.4161044
7069,Queen St W / Spadina Ave,Queen St W / Spadina Ave,43.649147,-79.395504
7314,Queen St. E / Eastern Ave,Queen St. E / Eastern Ave,43.667208,-79.312315
7309,Queen St. E / Rhodes Ave.,Queen St. E / Rhodes Ave.,43.666224,-79.317693
7316,Queen St. E / Spruce Hill Rd.,Queen St. E / Spruce Hill Rd.,43.672571,-79.289
7063,Queen's Park / Bloor St W,Queen's Park / Bloor St W,43.668456,-79.393899
7274,Queen's Park Cres E / Grosvenor St - SMART,Queen's Park Cres E / Grosvenor St - SMART,43.661803,-79.389682
7457,Queen's Park Cres W / Hoskin Ave,Queen's Park Cres W / Hoskin Ave,43.665221,-79.394009
7168,Queens Quay / Yonge St,Queens Quay / Yonge St,43.641646,-79.375308
7788,NA,Queens Quay E / Lower Jarvis St ,43.64392767,-79.36873017
7261,Queens Quay E / Lower Sherbourne St,Queens Quay E / Lower Sherbourne St,43.645215,-79.364898
7075,Queens Quay W / Dan Leckie Way,Queens Quay W / Dan Leckie Way,43.636533,-79.395854
7043,Queens Quay W / Lower Simcoe St,Queens Quay W / Lower Simcoe St,43.63951,-79.383717
7728,NA,Randolph Ave / Perth Ave,43.6585504,-79.4497659
7347,Regal Rd / Dufferin St,Regal Rd / Dufferin St,43.673939,-79.441159
7050,Richmond St E / Jarvis St Green P,Richmond St E / Jarvis St Green P,43.652634,-79.374222
7462,Richmond St E / Yonge St,Richmond St E / Yonge St,43.651838,-79.378743
7599,Richmond St W / York St,Richmond St W / York St,43.650745,-79.383633
7517,Ripley Ave / Ormskirk Ave,Ripley Ave / Ormskirk Ave,43.6390437,-79.4760109
7097,Riverdale Park North (Broadview Ave),Riverdale Park North (Broadview Ave),43.671172,-79.354704
7252,Robert St / Bloor St W - SMART,Robert St / Bloor St W - SMART,43.665846,-79.404998
7404,Roehampton Ave / Mount Pleasant Rd,Roehampton Ave / Mount Pleasant Rd,43.70942,-79.39139
7593,Roehampton St / Bayview Ave,Roehampton St / Bayview Ave,43.711751,-79.378615
7744,NA,Rogers Rd / Prospect Cemetery,43.68323,-79.455765
7701,NA,Roncesvalles Ave / Fermanagh Ave,43.64631447,-79.44879407
7234,Roncesvalles Ave / Marmaduke St,Roncesvalles Ave / Marmaduke St,43.650492,-79.450842
7359,Rosedale Park (20 Schofield Ave),Rosedale Park (20 Scholfield Ave),43.682645,-79.377557
7279,Rosehill Ave / Avoca Ave - SMART,Rosehill Ave / Avoca Ave - SMART,43.687999,-79.38906
7546,Ross St / Cecil St - SMART,Ross St / Cecil St - SMART,43.6568254,-79.3966159
7626,Rouge Hill GO Station,Rouge Hill GO Station,43.7805505,-79.1301203
7328,Roxborough St W / Yonge St,Roxborough St W / Yonge St,43.678077,-79.390328
7196,Roxton Rd / Harbord St,Roxton Rd / Harbord St,43.65905,-79.422988
7623,Royal York Rd / Lake Shore Blvd W,Royal York Rd / Lake Shore Blvd W,43.6029904,-79.4926867
7555,Royal York Rd / Mimico Ave,Royal York Rd / Mimico Ave,43.612063,-79.496573
7635,Runnymede Rd / Annette St,Runnymede Rd / Annette St,43.6596299,-79.4799176
7205,Rusholme Park Cres / College St,Rusholme Park Cres / College St,43.65277778,-79.42972222
7435,Rushton Rd / St Clair Ave W,Rushton Rd / St Clair Ave W,43.68114,-79.4277
7465,Russell Hill Rd / St Clair Ave W,Russell Hill Rd / St Clair Ave W,43.685569,-79.408019
7493,Sackville St / Eastern Ave - SMART,Sackville St / Eastern Ave - SMART,43.653809,-79.3595
7156,Salem Ave / Bloor St W,Salem Ave / Bloor St W,43.6608333,-79.43166667
7109,Seaton St / Dundas St E - SMART,Seaton St / Dundas St E - SMART,43.658777,-79.369596
7585,Sentinel Rd / Finch Hydro Corridor,Sentinel Rd / Finch Hydro Corridor,43.7641485,-79.5012809
7740,NA,Sharpe St / Park St (Sandown Park),43.7105975,-79.2541175
7627,Shaw St / Essex St - SMART,Shaw St / Essex St - SMART,43.667076,-79.425116
7311,Sherbourne St / Isabella St,Sherbourne St / Isabella St,43.669576,-79.375961
7042,Sherbourne St / Wellesley St E,Sherbourne St / Wellesley St E,43.6673,-79.374
7530,Sherbourne St N / Elm Ave,Sherbourne St N / Elm Ave,43.6752732,-79.3778458
7668,Simcoe St / Dundas St W - SMART,Simcoe St / Dundas St W - SMART,43.6558557,-79.3894093
7772,NA,Simcoe St / King St W,43.64750835,-79.38604437
7039,Simcoe St / Michael Sweet Ave,Simcoe St / Michael Sweet Ave,43.65232722,-79.38825382
7022,Simcoe St / Queen St W,Simcoe St / Queen St W,43.65049,-79.3873
7334,Simcoe St / Wellington St North,Simcoe St / Wellington St W North,43.6462176,-79.3855048
7057,Simcoe St / Wellington St South,Simcoe St / Wellington St W South,43.6458569,-79.3853654
7217,Soho St / Queen St W,Soho St / Queen St W,43.6494896,-79.393535
7238,Sorauren/Geoffrey (Sorauren Park) - SMART,Sorauren Ave / Geoffrey St - SMART,43.649172,-79.4445087
7483,Southwood Dr / Kingston Rd - SMART,Southwood Dr / Kingston Rd - SMART,43.678685,-79.297974
7260,Spadina Ave / Adelaide St W,Spadina Ave / Adelaide St W,43.6472019,-79.3953394
7416,Spadina Ave / Blue Jays Way,Spadina Ave / Blue Jays Way,43.641705,-79.393295
7073,Spadina Ave / Fort York Blvd,Spadina Ave / Fort York Blvd,43.640114,-79.393249
7285,Spadina Ave / Harbord St - SMART,Spadina Ave / Harbord St - SMART,43.6629228,-79.4018451
7770,NA,Spadina Ave / Sullivan St,43.65082786,-79.396981
7667,Spadina Ave / Sussex Ave - SMART,Spadina Ave / Sussex Ave - SMART,43.664028,-79.4029787
7170,Spadina Ave / Willcocks St,Spadina Ave / Willcocks St,43.6616667,-79.40138889
7528,Spadina Rd / Austin Terrace,Spadina Rd / Austin Terrace,43.67883,-79.408723
7640,Spadina Rd / St.Clair Ave West,Spadina Rd / St.Clair Ave West,43.683979,-79.410657
7781,NA,St Clair Ave W / Avenue Rd ,43.68688938,-79.40099513
7362,St Clair Ave W / Bathurst St.,St Clair Ave W / Bathurst St.,43.683296,-79.418734
7698,NA,St Clair Ave W / Caledonia Rd,43.6754247,-79.4547813
7563,St Clair Ave W / Castleton Ave,St Clair Ave W / Castleton Ave,43.668496,-79.485426
7565,St Clair Ave W / Gunns Rd,St Clair Ave W / Gunns Rd,43.672079,-79.470171
7699,NA,St Clair Ave W / Oakwood Ave,43.678177,-79.435364
7700,NA,St Clair Ave W / Robina Ave,43.68005,-79.43469
7459,St Clair Ave W / Winona Ave,St Clair Ave W / Winona Ave,43.680466,-79.432522
7650,St Clair W Subway - Heath Entrance,St Clair West Subway Station - Heath Entrance,43.686352,-79.415894
7183,St Clarens Ave / College St,St Clarens Ave / College St,43.651238,-79.43868
7520,St Clarens Ave / Shirley Ave,St Clarens Ave / Shirley St,43.6486599,-79.4376413
7604,St Columba Pl / St Clair Ave E,St Columba Pl / St Clair Ave E,43.70567,-79.310554
7548,St Joseph St / Bay St - SMART,St Joseph St / Bay St - SMART,43.6658804,-79.3876101
7718,NA,St. Andrew's Playground Park,43.646552,-79.399586
7771,NA,St. Clair Ave W / Osler St,43.67384356,-79.46092619
7002,St. George St / Bloor St W,St. George St / Bloor St W,43.667333,-79.399429
7190,St. George St / Hoskin Ave,St. George St / Hoskin Ave,43.6637403,-79.3980645
7765,NA,St. John's Rd / Dundas St W,43.66526762,-79.47502123
7617,Starspray Ave / Lawrence Ave E,Starspray Ave / Lawrence Ave E,43.788319,-79.123505
7182,Sterling Rd / Dundas St W,Sterling Rd / Dundas St W,43.65083333,-79.44305556
7172,Strachan Ave / Princes' Blvd,Strachan Ave / Princes' Blvd,43.635,-79.40888889
7489,Sumach St  / Queen St E,Sumach St  / Queen St E,43.656638,-79.358749
7119,Sumach St / Carlton St. (Riverdale Farm),Sumach St / Carlton St. (Riverdale Farm),43.665867,-79.362506
7488,Summerhill Ave / Maclennan Ave,Summerhill Ave / Maclennan Ave,43.685924,-79.376304
7133,Summerhill Station,Summerhill Subway Station,43.681944,-79.390556
7664,Sunnybrook Health Centre - L Wing,Sunnybrook Health Centre - L Wing,43.72268,-79.37644
7665,Sunnybrook Health Centre - S Wing,Sunnybrook Health Centre - S Wing,43.720998,-79.377456
7609,Sunnybrook Park,Sunnybrook Park,43.720233,-79.362092
7496,Sunnyside Ave / The Queensway - SMART,Sunnyside Ave / The Queensway - SMART,43.6397,-79.44865
7516,Superior Ave / Lake Shore Blvd W,Superior Ave / Lake Shore Blvd W,43.6146692,-79.4873148
7559,Swansea Community Centre,Swansea Community Centre,43.6438036,-79.4770327
7529,Symington Ave / Davenport Rd,Symington Ave / Davenport Rd,43.6704403,-79.4532855
7476,Symington Ave / Dupont St,Symington Ave / Dupont St,43.665538,-79.451263
7131,Taddle Creek Park,Taddle Creek Park,43.66986,-79.398443
7245,Tecumseth St / Queen St W - SMART,Tecumseth St / Queen St W - SMART,43.646552,-79.406468
7025,Ted Rogers Way / Bloor St E,Ted Rogers Way / Bloor St E,43.671293,-79.380471
7598,Teddington Park Ave,Teddington Park Ave,43.732975,-79.40401
7713,NA,Temperance St / Bay St,43.6506,-79.381285
7551,The Esplanade / Hahn Pl,The Esplanade / Hahn Pl,43.649709,-79.364184
7584,The Pond Rd / Sentinel Rd,The Pond Rd / Sentinel Rd,43.7696262,-79.5025943
7759,NA,The Pond Rd / Shoreham Dr,43.772445,-79.511912
7557,The Queensway / High St,The Queensway / High St,43.630874,-79.482407
7425,The Queensway at South Kingsway,The Queensway at South Kingsway,43.63632,-79.47307
7251,The Royal Ontario Museum (Bloor St Entrance),The Royal Ontario Museum (Bloor St Entrance),43.66850005,-79.3946236
7757,NA,The Well,43.64302506,-79.39430138
7236,Thompson St / Broadview Ave - SMART,Thompson St / Broadview Ave - SMART,43.659471,-79.350325
7777,NA,Thorncliffe Park Dr / Leaside Park Trail,43.70400405,-79.34807015
7756,NA,Tobermory Dr / Finch Hydro Recreational Trail,43.7611741,-79.5114452
7354,Tommy Thompson Park (Leslie Street Spit),Tommy Thompson Park (Leslie Street Spit),43.65222662,-79.32295441
7269,Toronto Eaton Centre (Yonge St),Toronto Eaton Centre (Yonge St) - SMART,43.655431,-79.380653
7569,Toronto Inukshuk Park,Toronto Inukshuk Park,43.6323994,-79.4097818
7589,Torresdale Ave / Antibes Dr,Torresdale Ave / Antibes Dr,43.77953,-79.45233
7447,Trent Ave / Danforth Ave,Trent Ave / Danforth Ave,43.689293,-79.295895
7036,Trinity St /Front St E,Trinity St /Front St E,43.651318,-79.36023
7630,Twelfth St / Thirteenth St,Twelfth St / Thirteenth St,43.6002896,-79.5108692
7422,Tyndall Ave / King St W - SMART,Tyndall Ave / King St W - SMART,43.638426,-79.429142
7195,Ulster St / Bathurst St,Ulster St / Bathurst St,43.66,-79.40888889
7033,Union Station,Union Station,43.645609,-79.380386
7408,University Ave / Armoury St,University Ave / Armoury St,43.65263,-79.38766
7502,University Ave / College St (East),University Ave / College St (East),43.65995,-79.38964
7062,University Ave / College St (West),University Ave / College St (West),43.659226,-79.390213
7004,University Ave / Elm St,University Ave / Elm St,43.656518,-79.389099
7047,University Ave / Gerrard St W (East Side),University Ave / Gerrard St W (East Side),43.657763,-79.389165
7634,University Ave / Gerrard St W (WEST) - SMART,University Ave / Gerrard St W (WEST) - SMART,43.6578449,-79.3899265
7284,University Ave / King St W - SMART,University Ave / King St W - SMART,43.6477785,-79.3847928
7646,University Ave / Richmond St W,University Ave / Richmond St W,43.6503935,-79.3860211
7645,University of Toronto Scarborough,University of Toronto Scarborough,43.7842419,-79.1849889
7600,Russell St / Huron St - SMART,Ursula Franklin St / Huron St - SMART,43.660274,-79.398049
7250,St. George St / Russell St - SMART,Ursula Franklin St / St. George St - SMART,43.660296,-79.397107
7256,Vanauley St / Queen St W - SMART,Vanauley St / Queen St W - SMART,43.648437,-79.39838
7618,Vaughan Rd / Oakwood Ave,Vaughan Rd / Oakwood Ave,43.6926825,-79.441042
7538,Vaughan Rd /Wychwood Ave,Vaughan Rd /Wychwood Ave,43.6882821,-79.4253856
7434,Via Italia / Mackay Ave,Via Italia / Mackay Ave,43.676697,-79.445029
7611,Victoria Park Ave / Danforth Ave,Victoria Park Ave / Danforth Ave,43.691468,-79.288619
7694,NA,Victoria Park Ave / Dawes Rd,43.706466,-79.29511
7731,NA,Victoria Park Ave / Kingston Rd,43.68035,-79.28357
7266,Victoria Park Subway Station - SMART,Victoria Park Subway Station - SMART,43.6940155,-79.2889842
7406,Victoria St / Queen St E,Victoria St / Queen St E,43.652822,-79.378208
7522,Wallace Ave / Pauline Ave,Wallace Ave / Pauline Ave,43.6632257,-79.4397052
7265,Wallace Ave / Symington Ave - SMART,Wallace Ave / Symington Ave - SMART,43.661324,-79.449534
7534,Walnut Ave / Queen St W,Walnut Ave / Queen St W,43.645469,-79.411084
7754,NA,Walter Saunders Park,43.69932707,-79.44936304
7263,Walton St / Elizabeth St - SMART,Walton St / Elizabeth St - SMART,43.657838,-79.38631
7237,Ward Ave / Wallace Ave,Ward St / Wallace Ave,43.662857,-79.44618
7616,Waterfront Trail (Rouge Hill),Waterfront Trail (Rouge Hill),43.778015,-79.131911
7724,NA,Wellesley St E / Parliament St,43.6682342,-79.3702641
7008,Wellesley St / Queen's Park Cres,Wellesley St W / Queen's Park Cres,43.663376,-79.392125
7052,Wellington St W / Bay St,Wellington St W / Bay St,43.647259,-79.379878
7216,Wellington St W / Stafford St,Wellington St W / Stafford St,43.6409957,-79.4096663
7469,Wellington St W / York St,Wellington St W / York St,43.646734,-79.38301
7363,Wells Hill Ave / St Clair Ave W,Wells Hill Ave / St Clair Ave W,43.683351,-79.41562
7749,NA,Wendover Rd / Bloor St W (Green P),43.6492,-79.50602
7451,Western Battery Rd / Pirandello St,Western Battery Rd / Pirandello St,43.640075,-79.414156
7296,Westmoreland Ave / Fernbank Ave,Westmoreland Ave / Fernbank Ave,43.665327,-79.43235
7567,Weston Lions Park,Weston Lions Park,43.698841,-79.519472
7566,Weston Rd / St Clair Ave W - SMART,Weston Rd / St Clair Ave W - SMART,43.673019,-79.467994
7721,NA,Widmer St / King St W,43.6463574,-79.391206
7608,Wilket Creek Park,Wilket Creek Park,43.720645,-79.355474
7066,Willcocks St / St. George St,Willcocks St / St. George St,43.662085,-79.397735
7751,NA,Willingdon Blvd / Bloor St W (Green P),43.64839,-79.51008
7556,Windsor St / Newcastle St,Windsor St / Newcastle St,43.6171635,-79.4971065
7302,Winona Dr / Davenport Rd,Winona Dr / Davenport Rd,43.674923,-79.430465
7719,NA,Wolseley St / Augusta Ave,43.6484201,-79.4005192
7428,Woodbine Ave / Lake Shore Blvd E,Woodbine Ave / Lake Shore Blvd E,43.665645,-79.304711
7602,Woodbine Ave / O'Connor Dr,Woodbine Ave / O'Connor Dr,43.699281,-79.318802
7429,Woodbine Subway Station,Woodbine Subway Station,43.686442,-79.313404
7231,Wright / Sorauren (Sorauren Park) - SMART,Wright Ave / Sorauren Ave - SMART,43.646677,-79.442741
7262,Wychwood Ave / Benson Ave - SMART,Wychwood Ave / Benson Ave - SMART,43.6809164,-79.4229684
7149,Yarmouth Rd / Christie St,Yarmouth Rd / Christie St,43.67,-79.42083333
7271,Yonge St / Alexander St - SMART,Yonge St / Alexander St - SMART,43.662862,-79.383572
7128,Yonge St / Aylmer Ave,Yonge St / Aylmer Ave,43.675492,-79.388858
7246,Yonge St / Bloor St,Yonge St / Bloor St,43.669969,-79.386532
7378,Yonge St / Davisville Ave,Yonge St / Davisville Ave,43.6975969,-79.39654
7391,Yonge St / Dundas Sq,Yonge St / Dundas Sq,43.655766,-79.3802
7272,Yonge St / Dundonald St - SMART,Yonge St / Dundonald St - SMART,43.665801,-79.384796
7597,Yonge St / Golfdale Rd,Yonge St / Golfdale Rd,43.732016,-79.403637
7067,Yonge St / Harbour St,Yonge St / Harbour St,43.643795,-79.375413
7625,Yonge St / Lawrence Ave,Yonge St / Lawrence Ave,43.7254665,-79.4011545
7725,NA,Yonge St / Macpherson Ave,43.6791876,-79.390719
7671,Yonge St / Montgomery Ave - SMART,Yonge St / Montgomery Ave - SMART,43.7093201,-79.3996301
7381,Yonge St / Orchard View Blvd,Yonge St / Orchard View Blvd,43.7083577,-79.398862
7642,Yonge St / St Clair Ave,Yonge St / St Clair Ave,43.6885046,-79.3940052
7670,Yonge St / Woburn Ave - SMART,Yonge St / Woburn Ave - SMART,43.7281464,-79.4032194
7163,Yonge St / Wood St,Yonge St / Wood St,43.6622222,-79.3825
7126,Yonge St / Yorkville Ave,Yonge St / Yorkville Ave,43.671944,-79.387778
7398,York St / Lakeshore St W - South,York St / Lake Shore Blvd W,43.641952,-79.380723
7076,York St / Queens Quay W,York St / Queens Quay W,43.640132,-79.380464
7676,York University (Glendon Campus) - SMART,York University (Glendon Campus) - SMART,43.72736549,-79.38142546
7679,York University Station (North),York University Station (North),43.7741,-79.5005
7678,York University Station (South) - SMART,York University Station (South) - SMART,43.77345,-79.5002
7001,Wellesley Station Green P,Wellesley Station Green P,43.66496416,-79.38355032
7013,Scott St / The Esplanade,Scott St / The Esplanade,43.64659663,-79.37530914
7014,Sherbourne St / Carlton St (Allan Gardens),Sherbourne St / Carlton St (Allan Gardens),43.663102,-79.373181
7017,Widmer St / Adelaide St W,Widmer St / Adelaide St W - SMART,43.64754763,-79.391552
7019,Temperance St. Station,Temperance St Station,43.650945,-79.379498
7049,Queen St W / Portland St,Portland St / Queen St W,43.6476,-79.4015
7098,Riverdale Park South (Broadview Ave),Riverdale Park South (Broadview Ave),43.667819,-79.35347
7113,Parliament St / Aberdeen Ave,Parliament St / Aberdeen Ave,43.665278,-79.368333
7116,555 Bloor St East,Bloor St E / Parliament St,43.6719461,-79.37245115
7167,Queen St E / George St (Moss Park),Queen St E / George St (Moss Park),43.6544444,-79.37111111
7222,Sunnyside - Gus Ryder Pool,Sunnyside - Gus Ryder Pool,43.637894,-79.454823
7224,Bloor St W / High Park Ave (High Park),Bloor St W / High Park Ave (High Park),43.6535269,-79.4650569
7275,Queen St W / James St,Queen St W / James St,43.652276,-79.380701
7358,Gailbraith Rd / Kings College Cr. (U of T),Galbraith Rd / King's College Rd,43.66038745,-79.39537832
7369,Dupont St / Emerson Ave SMART,Dupont St / Emerson Ave SMART,43.667266,-79.443946
7382,Simcoe St / Adelaide St W,Simcoe St / Adelaide St W,43.6481303,-79.38632
7392,Woodbine Subway Green P SMART,Woodbine Subway Green P (SMART),43.686829,-79.311073
7407,University Ave / Queen St W,University Ave / Queen St W,43.65052424,-79.38672703
7413,Dundas St W / Watkinson Ave,#N/A,43.66501876,-79.46018157
7427,Northern Dancer Blvd / Lake Shore Blvd E,Northern Dancer Blvd / Lake Shore Blvd E,43.663162,-79.309765
7463,Adelaide St W / Brant St,#N/A,43.64627536,-79.39754003
7472,Dundas St E / Victoria St,#N/A,43.65631226,-79.37908105
7491,D'Arcy St / Spadina Ave - SMART,#N/A,43.65407222,-79.39810949
7544,Foster Pl / Elizabeth St,#N/A,43.65459734,-79.38469696
7621,Long Branch GO Station,#N/A,43.59133825,-79.54606894
7638,Warehouse EBS-Station,#N/A,#N/A,#N/A
7690,NA,#N/A,#N/A,#N/A
7789,NA,75 Holly St,43.7063279,-79.3962499
7792,NA,#N/A,#N/A,#N/A
7794,NA,York St / Harbour St (Love Park),43.640741,-79.3798521
7795,NA,519 Church St  - SMART,43.66685078,-79.38114575
7796,NA,Dundas St E / River St,43.661152,-79.358505
7798,NA,Shuter St/River St,43.659296,-79.358035
7799,NA,Danforth Ave / Danforth Rd,43.69362207,-79.2771053
7800,NA,Brimley Rd / McCowan District Park,43.72704086,-79.24391402
7801,NA,Parkcrest Dr / Kingston Rd,43.73596719,-79.21995221
7802,NA,King St W / Jameson Ave - SMART,43.63735796,-79.43617976
7803,NA,Scarborough Soccer Centre,43.7154661,-79.2876595
7804,NA,Lansdowne Ave / Seaforth Ave ,43.6429044,-79.43746059
7805,NA,Pharmacy Ave / Teesdale Pl,43.69735608,-79.28528711
7806,NA,Danforth Rd / Birchmount Rd ,43.70688,-79.26851
7807,NA,552 Birchmount Rd,43.71176279,-79.27028153
7808,NA,Eastgate Cres / Pharmacy Ave ,43.71104424,-79.29127314
7809,NA,Firvalley Ct / Warden Ave,43.7032112,-79.2787149
7810,NA,Avenue Rd / Cumberland St ,43.6698217,-79.39444615
7811,NA,Midland Ave / Kingston Rd,43.7128578,-79.2487086
7812,NA,Bellamy Rd S / Kingston Rd,43.73232779,-79.2249662
7813,NA,Yonge St / Merton St ,43.69627507,-79.39629396
7814,NA,Fenwood Ht / Kingston Rd,43.7269017,-79.22920397
7815,NA,Avenue Rd / Macpherson Ave ,43.67794376,-79.39836279
7816,NA,Bay St / Dundas St W,43.65535078,-79.38345967
7817,NA,Shaw St / King St W,43.64125616,-79.41502994
7818,NA,Soudan Ave / Yonge St ,43.7043096,-79.3972815
7819,NA,Avenue Rd / Oxton Ave ,43.6971116,-79.40537298
7820,NA,1612 Danforth Ave ,43.68370788,-79.32262454
7821,NA,Lisgar St / Queen St W - SMART,43.64299174,-79.42355912
7822,NA,Leslie St / Commissioners St  ,43.6572755,-79.32661544
7823,NA,Greenwood Ave / Sammon Ave,43.68698673,-79.33478198
7824,NA,Warden Subway Station,43.71161098,-79.28055566
7825,NA,Kingston Rd / Scarborough Golf Club Rd,43.74531104,-79.20970651
7826,NA,Greenwood Ave / Gerrard St E,43.67036918,-79.32782699
7827,NA,Chatham Ave / Byron Ave,43.67986783,-79.33424614
7828,NA,Wakunda Pl / O'Connor Dr,43.71602024,-79.30470925
7829,NA,Tiago Ave / Westview Blvd,43.71101622,-79.30675744
7830,NA,Plaxton Dr / St Clair Ave E,43.70751756,-79.30252066
7831,NA,Victoria Park Ave / Edge Park Ave,43.71767868,-79.2996158
7832,NA,Finch Subway Station ,43.78187716,-79.41528503
7833,NA,Glencairn Subway Station,43.70925764,-79.44169105
7834,NA,Glen Long Community Centre,43.70820993,-79.45627809
7835,NA,Caledonia Rd / Lotherton Pathway,43.70756437,-79.46571475
7836,NA,Harvie Ave / Rogers Rd,43.68402031,-79.45297885
7837,NA,Ling Rd / Morningside Ave,43.76666382,-79.18521765
7838,NA,Lake Shore Blvd W / Legion Rd,43.62052631,-79.48320224
7839,NA,Lake Shore Blvd W / Seventeenth St,43.59841926,-79.51561102
7840,NA,Mabelle Park,43.64538948,-79.52768222
7841,NA,Islington Subway Station (Aberfoyle Cres),43.64565859,-79.52339939
7842,NA,Lake Shore Blvd W / Long Branch Ave,43.59445833,-79.53387391
7843,NA,Uno Dr / The Queensway,43.6264933,-79.50358168
7844,NA,Second St / Lake Shore Blvd W,43.60191488,-79.49941889
7845,NA,Sixth St / Lake Shore Blvd W,43.60116229,-79.50416047
7846,NA,Bloor St W / Dundas St W (2),43.64285245,-79.53199489
7848,NA,Gerrard St E / Nasmith Ave ,43.66273619,-79.36253101
7849,NA,Viewmount Park,43.70735573,-79.43723072
7850,NA,Maud St / Adelaide St W,43.64601457,-79.39960498
7851,NA,Keele St / Ingram Dr,43.69870695,-79.47565865
7852,NA,York Recreation Centre,43.68815308,-79.4821979
7853,NA,Trethewey Dr / Black Creek Dr,43.6954984,-79.48809394
7854,NA,Jane St / Haney Ave,43.67434571,-79.49484378
7855,NA,Scarlett Rd / Eileen Ave,43.66851091,-79.50076484
7856,NA,Scarlett Rd / Old Scarlett Rd ,43.67827631,-79.50667332
7857,NA,Eglinton Ave W / Venn Cres,43.69143921,-79.46908635
7858,NA,Rogers Rd / Bicknell Ave,43.68189526,-79.47363824
7859,NA,Mallaby Park ,43.70619109,-79.53262796
7860,NA,Cruickshank Park,43.70238607,-79.52594758
7861,NA,Emmett Ave,43.68735514,-79.50623314
7862,NA,Jane St / Weston Rd,43.69144464,-79.50154584
7863,NA,Jane St / Queens Dr,43.70673805,-79.50477544
7864,NA,Sussex Ave / St George St,43.66530428,-79.39938264
7865,NA,2700 Eglinton Ave W,43.69074601,-79.47820143
7866,NA,697 Lansdowne Ave ,43.65922184,-79.4427741
7867,NA,15 Price St ,43.67994778,-79.38994814
7868,NA,Sheppard Ave W / Chesswood Dr,43.75558397,-79.47446033
7869,NA,Sentinel Rd / Sheppard Ave W,43.74386581,-79.49181654
7870,NA,Humber River Hospital ,43.72537884,-79.48719674
7871,NA,Jane St / Lawrence Ave W,43.70234022,-79.5034739
7872,NA,Keele St / Catford Rd,43.75919331,-79.49001047
7873,NA,Sentinel Rd / Finch Ave W,43.76073964,-79.50002731
7874,NA,The Pond Rd / Ian Macdonald Blvd,43.77086729,-79.49812991
7875,NA,Oakdale Community Centre,43.74751496,-79.51325699
7876,NA,Jane St / Yewtree Blvd,43.75531729,-79.51704708
7877,NA,Jane St / Yorkwoods Gt,43.7503017,-79.51577557
7878,NA,Weston Rd / Sheppard Ave W,43.73262849,-79.53819932
7879,NA,Weston Rd / Lanyard Rd,43.748713,-79.541808
7880,NA,Lindylou Rd / Lanyard Rd,43.74845421,-79.550404
7881,NA,Queens Quay E / Merchants' Wharf,43.64643026,-79.36181632
7882,NA,Tangiers Rd / Finch Ave W,43.76376964,-79.48809243
7883,NA,Wynford Heights Cres / Concorde Pl,43.72749778,-79.32714222
7884,NA,Bartley Park ,43.72211166,-79.30864831
7885,NA,Brooklawn Ave / Kingston Rd,43.7217614,-79.23591372
7886,NA,Jane St / Finch Ave W,43.75929228,-79.51837415
7887,NA,800 Fleet St (North),43.63682856,-79.4088416
7888,NA,The Kingsway / Ashley Rd,43.66279594,-79.51959828
7889,NA,Dundas St W / Prince Edward Dr N,43.66032427,-79.5115435
7890,NA,60 Broadway Ave,43.7102443,-79.39578745
7891,NA,Opposite 1103 Leslie St,43.72093165,-79.34989416
7892,NA,Erskine Ave / Redpath Ave,43.71215479,-79.39425906
7893,NA,Overlea Blvd / Thorncliffe Park Dr,43.70755597,-79.34272024
7895,NA,Keele St / Lloyd Ave,43.67115533,-79.46701598
7896,NA,Arlington Parkette,43.69105005,-79.43281746
7897,NA,50 Overlea Blvd,43.707225,-79.345324
7898,NA,University Ave / Gerrard St W - SMART(South),43.65748153,-79.38921396
7899,NA,Queens Park Cres / College St ,43.66018128,-79.39083272
7900,NA,Simcoe St / Elm St,43.65603884,-79.38970388
7901,NA,Bloor St W / Kingsmill Rd,43.6492789,-79.50312996
7902,NA,Gunns Rd / Lavender Creek Trail,43.67553197,-79.4719974
7903,NA,St Clair Ave W / Symes Rd,43.67004213,-79.47894248
7904,NA,Palmerston Blvd / Lennox St,43.66335071,-79.41312798
7905,NA,Palmerston Blvd / Herrick St,43.66215531,-79.41266644
7906,NA,Princess St / Front St E,43.65029757,-79.3664846
7907,NA,365 Lippincott St,43.6649482,-79.40947
7909,NA,E.T Seton Park - South ,43.70503462,-79.33547292
7910,NA,Eglinton Ave E / Brentcliffe Rd,43.71430579,-79.36089045
7911,NA,King St W / York St (2),43.64796882,-79.38316961
7912,NA,Joe Shuster Way / King St W ,43.64039672,-79.42374241
7913,NA,St. George St / Willcocks St,43.66245274,-79.39783842
7914,NA,York St / Wellington St W (2),43.64704306,-79.38314121
7915,NA,Rogers Rd / Watt Ave,43.6823368,-79.4680594
7916,NA,University Ave / Pearl St ,43.6484302,-79.3855656
7917,NA,King St W / University Ave,43.64781809,-79.38427999
7918,NA,Albion Rd/ Arcot Blvd,43.72762171,-79.55254903